trial_id,task_id,split,representation,generated_parameter_count,generation_seconds,inference_seconds,metric.accuracy,metric.exact_match,metric.n_examples,metadata
text_to_peft_gemma2b_reconstruction--lora_r8_t2l--8a5f7a64d7f3,arc_easy,test,lora,1597440,0.21119015663862228,15.900453016161919,0.71,,100.0,"{""model_id"": ""google/gemma-2-2b-it"", ""peak_gpu_memory_bytes_inference"": 5333181440, ""condition_variant"": 0, ""artifact_metadata"": {""condition"": ""Your job is to discern which information best answers a posed question, focusing on practical examples and scientific principles. This requires a strong grasp of underlying concepts in ecology or physics."", ""checkpoint"": ""/home/tw78/scripts/peft_for_hnets/upstream/text-to-lora/trained_t2l/gemma_2b_t2l/hypermod.pt"", ""base_model"": ""google/gemma-2-2b-it"", ""generated_bytes"": 6389760, ""peak_gpu_memory_bytes_generation"": 7667462656, ""model_load_seconds"": 6.576514132320881, ""subprocess_wall_seconds"": 15.389885302633047}}"
text_to_peft_gemma2b_reconstruction--lora_r8_t2l--8a5f7a64d7f3,arc_challenge,test,lora,1597440,0.03336089849472046,15.444403804838657,0.43,,100.0,"{""model_id"": ""google/gemma-2-2b-it"", ""peak_gpu_memory_bytes_inference"": 5357945856, ""condition_variant"": 0, ""artifact_metadata"": {""condition"": ""This task is about analyzing questions which examine your grasp of scientific ideas. You must connect conceptual knowledge with practical examples from geology, ecology and environmental changes."", ""checkpoint"": ""/home/tw78/scripts/peft_for_hnets/upstream/text-to-lora/trained_t2l/gemma_2b_t2l/hypermod.pt"", ""base_model"": ""google/gemma-2-2b-it"", ""generated_bytes"": 6389760, ""peak_gpu_memory_bytes_generation"": 7645934080, ""model_load_seconds"": 6.576514132320881, ""subprocess_wall_seconds"": 15.389885302633047}}"
text_to_peft_gemma2b_reconstruction--lora_r8_t2l--8a5f7a64d7f3,boolq,test,lora,1597440,0.030087634921073914,7.919015411287546,0.81,,100.0,"{""model_id"": ""google/gemma-2-2b-it"", ""peak_gpu_memory_bytes_inference"": 6081871872, ""condition_variant"": 0, ""artifact_metadata"": {""condition"": ""Analyze the given details about various subjects, including movies, sports, and television shows. Your role is to confirm whether certain claims are true or false."", ""checkpoint"": ""/home/tw78/scripts/peft_for_hnets/upstream/text-to-lora/trained_t2l/gemma_2b_t2l/hypermod.pt"", ""base_model"": ""google/gemma-2-2b-it"", ""generated_bytes"": 6389760, ""peak_gpu_memory_bytes_generation"": 7645934080, ""model_load_seconds"": 6.576514132320881, ""subprocess_wall_seconds"": 15.389885302633047}}"
text_to_peft_gemma2b_reconstruction--lora_r8_t2l--8a5f7a64d7f3,hellaswag,test,lora,1597440,0.029801450669765472,15.437264055013657,0.55,,100.0,"{""model_id"": ""google/gemma-2-2b-it"", ""peak_gpu_memory_bytes_inference"": 5371647488, ""condition_variant"": 0, ""artifact_metadata"": {""condition"": ""This task revolves around completing an unfinished text by selecting an ending that matches its tone and context. It requires you to think critically about how narratives develop and conclude effectively."", ""checkpoint"": ""/home/tw78/scripts/peft_for_hnets/upstream/text-to-lora/trained_t2l/gemma_2b_t2l/hypermod.pt"", ""base_model"": ""google/gemma-2-2b-it"", ""generated_bytes"": 6389760, ""peak_gpu_memory_bytes_generation"": 7663913472, ""model_load_seconds"": 6.576514132320881, ""subprocess_wall_seconds"": 15.389885302633047}}"
text_to_peft_gemma2b_reconstruction--lora_r8_t2l--8a5f7a64d7f3,gsm8k,test,lora,1597440,0.029817048460245132,42.23509323224425,,0.13,100.0,"{""model_id"": ""google/gemma-2-2b-it"", ""peak_gpu_memory_bytes_inference"": 5309838336, ""condition_variant"": 0, ""artifact_metadata"": {""condition"": ""You will be tasked with interpreting mathematical situations described in words. The goal is to use logical reasoning and calculations to determine the numerical answers based on the context provided."", ""checkpoint"": ""/home/tw78/scripts/peft_for_hnets/upstream/text-to-lora/trained_t2l/gemma_2b_t2l/hypermod.pt"", ""base_model"": ""google/gemma-2-2b-it"", ""generated_bytes"": 6389760, ""peak_gpu_memory_bytes_generation"": 7662134784, ""model_load_seconds"": 6.576514132320881, ""subprocess_wall_seconds"": 15.389885302633047}}"
text_to_peft_gemma2b_reconstruction--lora_r8_t2l--8a5f7a64d7f3,arc_easy,test,frozen_interpreter,0,0.0,12.399070840328932,0.59,,100.0,"{""model_id"": ""google/gemma-2-2b-it"", ""peak_gpu_memory_bytes_inference"": 5358740480, ""condition_variant"": 0}"
text_to_peft_gemma2b_reconstruction--lora_r8_t2l--8a5f7a64d7f3,arc_challenge,test,frozen_interpreter,0,0.0,12.47285845130682,0.44,,100.0,"{""model_id"": ""google/gemma-2-2b-it"", ""peak_gpu_memory_bytes_inference"": 5377115136, ""condition_variant"": 0}"
text_to_peft_gemma2b_reconstruction--lora_r8_t2l--8a5f7a64d7f3,boolq,test,frozen_interpreter,0,0.0,6.431543778628111,0.83,,100.0,"{""model_id"": ""google/gemma-2-2b-it"", ""peak_gpu_memory_bytes_inference"": 6094651392, ""condition_variant"": 0}"
text_to_peft_gemma2b_reconstruction--lora_r8_t2l--8a5f7a64d7f3,hellaswag,test,frozen_interpreter,0,0.0,12.492243349552155,0.48,,100.0,"{""model_id"": ""google/gemma-2-2b-it"", ""peak_gpu_memory_bytes_inference"": 5378037248, ""condition_variant"": 0}"
text_to_peft_gemma2b_reconstruction--lora_r8_t2l--8a5f7a64d7f3,gsm8k,test,frozen_interpreter,0,0.0,494.8108015730977,,0.57,100.0,"{""model_id"": ""google/gemma-2-2b-it"", ""peak_gpu_memory_bytes_inference"": 5311435776, ""condition_variant"": 0}"
