trial_id,task_id,split,adapter,generated_parameter_count,generation_seconds,inference_seconds,metric.accuracy,metric.n_examples,metadata
t2p_sft_pilot::frozen_interpreter,boolq,test,frozen_interpreter,0,0.0,1.5012521892786026,0.75,20.0,"{""condition_variant"": 0}"
t2p_sft_pilot::frozen_interpreter,hellaswag,test,frozen_interpreter,0,0.0,2.4812889583408833,0.2,20.0,"{""condition_variant"": 0}"
t2p_sft_pilot::lora,boolq,test,lora,1146880,0.0,2.4408244229853153,0.85,20.0,"{""condition_variant"": 0}"
t2p_sft_pilot::lora,hellaswag,test,lora,1146880,0.0,4.724363666027784,0.25,20.0,"{""condition_variant"": 0}"
t2p_sft_pilot::freeze_a_lora,boolq,test,freeze_a_lora,688128,0.0,2.302971236407757,0.15,20.0,"{""condition_variant"": 0}"
t2p_sft_pilot::freeze_a_lora,hellaswag,test,freeze_a_lora,688128,0.0,4.604866601526737,0.2,20.0,"{""condition_variant"": 0}"
t2p_sft_pilot::ia3,boolq,test,ia3,86016,0.0,1.9871333986520767,0.85,20.0,"{""condition_variant"": 0}"
t2p_sft_pilot::ia3,hellaswag,test,ia3,86016,0.0,3.847818024456501,0.2,20.0,"{""condition_variant"": 0}"
t2p_sft_pilot::lokr,boolq,test,lokr,143360,0.0,2.317583080381155,0.15,20.0,"{""condition_variant"": 0}"
t2p_sft_pilot::lokr,hellaswag,test,lokr,143360,0.0,4.649622540920973,0.3,20.0,"{""condition_variant"": 0}"
t2p_sft_pilot::fourierft,boolq,test,fourierft,56000,0.0,2.6187348067760468,0.85,20.0,"{""condition_variant"": 0}"
t2p_sft_pilot::fourierft,hellaswag,test,fourierft,56000,0.0,5.206749763339758,0.3,20.0,"{""condition_variant"": 0}"
t2p_sft_pilot::activation_steering,boolq,test,activation_steering,28672,0.0,1.6909087784588337,0.15,20.0,"{""condition_variant"": 0}"
t2p_sft_pilot::activation_steering,hellaswag,test,activation_steering,28672,0.0,3.2886050418019295,0.4,20.0,"{""condition_variant"": 0}"
