trial_id,task_id,split,adapter,generated_parameter_count,generation_seconds,inference_seconds,metric.accuracy,metric.accuracy_ctxswap,metric.n_examples,metadata
d2p_niah::frozen_interpreter,niah_256,test,frozen_interpreter,0,0.0,5.438389021903276,0.0,,32.0,"{""depths"": [0.0, 0.8, 0.8, 0.8, 0.6, 0.6, 0.3, 0.6, 0.7, 0.6, 0.8, 0.2, 0.2, 0.0, 0.8, 0.5, 0.3, 0.5, 0.7, 0.3, 0.1, 0.7, 0.4, 0.8, 1.0, 0.3, 0.9, 0.9, 0.3, 0.7, 0.8, 0.6], ""adapter_family"": ""frozen""}"
d2p_niah::frozen_interpreter,niah_512,test,frozen_interpreter,0,0.0,4.878824722021818,0.0,,32.0,"{""depths"": [0.19047619047619047, 0.5238095238095238, 0.047619047619047616, 0.6190476190476191, 0.47619047619047616, 0.6666666666666666, 0.6666666666666666, 0.3333333333333333, 0.8095238095238095, 0.7142857142857143, 0.5238095238095238, 0.7142857142857143, 0.8095238095238095, 0.14285714285714285, 0.5714285714285714, 0.6666666666666666, 0.2857142857142857, 0.5714285714285714, 0.47619047619047616, 0.6190476190476191, 0.38095238095238093, 0.2857142857142857, 0.6190476190476191, 0.9047619047619048, 0.047619047619047616, 0.7619047619047619, 0.42857142857142855, 0.9047619047619048, 0.8095238095238095, 0.19047619047619047, 0.42857142857142855, 0.14285714285714285], ""adapter_family"": ""frozen""}"
d2p_niah::frozen_interpreter,niah_1024,test,frozen_interpreter,0,0.0,4.8078853115439415,0.0,,32.0,"{""depths"": [0.5952380952380952, 0.2619047619047619, 0.7619047619047619, 0.0, 0.7380952380952381, 0.0, 0.7142857142857143, 0.8571428571428571, 0.3333333333333333, 0.8095238095238095, 0.5952380952380952, 0.6190476190476191, 0.35714285714285715, 0.6190476190476191, 0.19047619047619047, 0.21428571428571427, 0.9047619047619048, 0.6904761904761905, 0.9761904761904762, 0.9761904761904762, 0.5476190476190477, 0.5238095238095238, 0.09523809523809523, 0.9047619047619048, 0.11904761904761904, 0.23809523809523808, 0.23809523809523808, 0.40476190476190477, 0.35714285714285715, 0.4523809523809524, 0.47619047619047616, 0.30952380952380953], ""adapter_family"": ""frozen""}"
d2p_niah::frozen_interpreter,niah_2048,test,frozen_interpreter,0,0.0,4.806319057941437,0.0,,32.0,"{""depths"": [0.2, 1.0, 0.047058823529411764, 0.7294117647058823, 0.6, 0.8470588235294118, 0.24705882352941178, 0.29411764705882354, 0.9176470588235294, 0.5647058823529412, 0.4, 0.8, 0.2, 0.8705882352941177, 0.21176470588235294, 0.9176470588235294, 0.6823529411764706, 0.6, 0.7764705882352941, 0.5764705882352941, 0.8588235294117647, 0.7764705882352941, 0.12941176470588237, 0.9176470588235294, 0.011764705882352941, 0.8823529411764706, 0.3764705882352941, 0.2823529411764706, 0.6235294117647059, 0.047058823529411764, 0.5647058823529412, 0.6823529411764706], ""adapter_family"": ""frozen""}"
d2p_niah::frozen_interpreter,niah_4096,test,frozen_interpreter,0,0.0,4.804550547152758,0.0,,32.0,"{""depths"": [0.6, 0.40588235294117647, 0.7294117647058823, 0.16470588235294117, 0.38823529411764707, 0.7411764705882353, 0.09411764705882353, 0.5117647058823529, 0.27058823529411763, 0.8705882352941177, 0.27058823529411763, 0.14705882352941177, 0.4235294117647059, 0.8058823529411765, 0.18235294117647058, 0.9352941176470588, 0.1411764705882353, 0.6, 0.6470588235294118, 0.1588235294117647, 0.8058823529411765, 0.3058823529411765, 0.7588235294117647, 0.22941176470588234, 0.7058823529411765, 0.9235294117647059, 0.40588235294117647, 0.4823529411764706, 0.2529411764705882, 0.7647058823529411, 0.6529411764705882, 0.15294117647058825], ""adapter_family"": ""frozen""}"
d2p_niah::frozen_interpreter,niah_8192,test,frozen_interpreter,0,0.0,4.783999297767878,0.0,,32.0,"{""depths"": [0.6187683284457478, 0.7302052785923754, 0.9501466275659824, 0.11730205278592376, 0.11730205278592376, 0.533724340175953, 0.9736070381231672, 0.2316715542521994, 0.967741935483871, 0.9501466275659824, 0.375366568914956, 0.6334310850439883, 0.2961876832844575, 0.21994134897360704, 0.2756598240469208, 0.3519061583577713, 0.7155425219941349, 0.17008797653958943, 0.2756598240469208, 0.02346041055718475, 0.6598240469208211, 0.10263929618768329, 0.2316715542521994, 0.3225806451612903, 0.21994134897360704, 0.2727272727272727, 0.1378299120234604, 0.3225806451612903, 0.5894428152492669, 0.06744868035190615, 0.22287390029325513, 0.9208211143695014], ""adapter_family"": ""frozen""}"
d2p_niah::lokr,niah_256,test,lokr,100352,0.0,13.599713895469904,0.78125,0.0,32.0,"{""depths"": [0.0, 0.8, 0.8, 0.8, 0.6, 0.6, 0.3, 0.6, 0.7, 0.6, 0.8, 0.2, 0.2, 0.0, 0.8, 0.5, 0.3, 0.5, 0.7, 0.3, 0.1, 0.7, 0.4, 0.8, 1.0, 0.3, 0.9, 0.9, 0.3, 0.7, 0.8, 0.6], ""adapter_family"": ""lokr"", ""steps"": 8000}"
d2p_niah::lokr,niah_512,test,lokr,100352,0.0,13.663850899785757,0.6875,0.0,32.0,"{""depths"": [0.19047619047619047, 0.5238095238095238, 0.047619047619047616, 0.6190476190476191, 0.47619047619047616, 0.6666666666666666, 0.6666666666666666, 0.3333333333333333, 0.8095238095238095, 0.7142857142857143, 0.5238095238095238, 0.7142857142857143, 0.8095238095238095, 0.14285714285714285, 0.5714285714285714, 0.6666666666666666, 0.2857142857142857, 0.5714285714285714, 0.47619047619047616, 0.6190476190476191, 0.38095238095238093, 0.2857142857142857, 0.6190476190476191, 0.9047619047619048, 0.047619047619047616, 0.7619047619047619, 0.42857142857142855, 0.9047619047619048, 0.8095238095238095, 0.19047619047619047, 0.42857142857142855, 0.14285714285714285], ""adapter_family"": ""lokr"", ""steps"": 8000}"
d2p_niah::lokr,niah_1024,test,lokr,100352,0.0,13.734327912330627,0.53125,0.0,32.0,"{""depths"": [0.5952380952380952, 0.2619047619047619, 0.7619047619047619, 0.0, 0.7380952380952381, 0.0, 0.7142857142857143, 0.8571428571428571, 0.3333333333333333, 0.8095238095238095, 0.5952380952380952, 0.6190476190476191, 0.35714285714285715, 0.6190476190476191, 0.19047619047619047, 0.21428571428571427, 0.9047619047619048, 0.6904761904761905, 0.9761904761904762, 0.9761904761904762, 0.5476190476190477, 0.5238095238095238, 0.09523809523809523, 0.9047619047619048, 0.11904761904761904, 0.23809523809523808, 0.23809523809523808, 0.40476190476190477, 0.35714285714285715, 0.4523809523809524, 0.47619047619047616, 0.30952380952380953], ""adapter_family"": ""lokr"", ""steps"": 8000}"
d2p_niah::lokr,niah_2048,test,lokr,100352,0.0,13.748849675059319,0.59375,0.0,32.0,"{""depths"": [0.2, 1.0, 0.047058823529411764, 0.7294117647058823, 0.6, 0.8470588235294118, 0.24705882352941178, 0.29411764705882354, 0.9176470588235294, 0.5647058823529412, 0.4, 0.8, 0.2, 0.8705882352941177, 0.21176470588235294, 0.9176470588235294, 0.6823529411764706, 0.6, 0.7764705882352941, 0.5764705882352941, 0.8588235294117647, 0.7764705882352941, 0.12941176470588237, 0.9176470588235294, 0.011764705882352941, 0.8823529411764706, 0.3764705882352941, 0.2823529411764706, 0.6235294117647059, 0.047058823529411764, 0.5647058823529412, 0.6823529411764706], ""adapter_family"": ""lokr"", ""steps"": 8000}"
d2p_niah::lokr,niah_4096,test,lokr,100352,0.0,14.473218906670809,0.59375,0.0,32.0,"{""depths"": [0.6, 0.40588235294117647, 0.7294117647058823, 0.16470588235294117, 0.38823529411764707, 0.7411764705882353, 0.09411764705882353, 0.5117647058823529, 0.27058823529411763, 0.8705882352941177, 0.27058823529411763, 0.14705882352941177, 0.4235294117647059, 0.8058823529411765, 0.18235294117647058, 0.9352941176470588, 0.1411764705882353, 0.6, 0.6470588235294118, 0.1588235294117647, 0.8058823529411765, 0.3058823529411765, 0.7588235294117647, 0.22941176470588234, 0.7058823529411765, 0.9235294117647059, 0.40588235294117647, 0.4823529411764706, 0.2529411764705882, 0.7647058823529411, 0.6529411764705882, 0.15294117647058825], ""adapter_family"": ""lokr"", ""steps"": 8000}"
d2p_niah::lokr,niah_8192,test,lokr,100352,0.0,14.711055785417557,0.1875,0.0,32.0,"{""depths"": [0.6187683284457478, 0.7302052785923754, 0.9501466275659824, 0.11730205278592376, 0.11730205278592376, 0.533724340175953, 0.9736070381231672, 0.2316715542521994, 0.967741935483871, 0.9501466275659824, 0.375366568914956, 0.6334310850439883, 0.2961876832844575, 0.21994134897360704, 0.2756598240469208, 0.3519061583577713, 0.7155425219941349, 0.17008797653958943, 0.2756598240469208, 0.02346041055718475, 0.6598240469208211, 0.10263929618768329, 0.2316715542521994, 0.3225806451612903, 0.21994134897360704, 0.2727272727272727, 0.1378299120234604, 0.3225806451612903, 0.5894428152492669, 0.06744868035190615, 0.22287390029325513, 0.9208211143695014], ""adapter_family"": ""lokr"", ""steps"": 8000}"
