trial_id,task_id,split,adapter,generated_parameter_count,generation_seconds,inference_seconds,metric.exact_match,metric.n_examples,metadata
t2p_synthetic_pilot::frozen_interpreter,copy,synthetic_eval,frozen_interpreter,0,0.0,0.0,0.0,50.0,{}
t2p_synthetic_pilot::frozen_interpreter,reverse,synthetic_eval,frozen_interpreter,0,0.0,0.0,0.0,50.0,{}
t2p_synthetic_pilot::frozen_interpreter,increment,synthetic_eval,frozen_interpreter,0,0.0,0.0,0.0,50.0,{}
t2p_synthetic_pilot::frozen_interpreter,sort,synthetic_eval,frozen_interpreter,0,0.0,0.0,0.0,50.0,{}
t2p_synthetic_pilot::frozen_interpreter,constant,synthetic_eval,frozen_interpreter,0,0.0,0.0,0.0,50.0,{}
t2p_synthetic_pilot::lora,copy,synthetic_eval,lora,896,0.0,0.0,0.0,50.0,{}
t2p_synthetic_pilot::lora,reverse,synthetic_eval,lora,896,0.0,0.0,0.0,50.0,{}
t2p_synthetic_pilot::lora,increment,synthetic_eval,lora,896,0.0,0.0,0.02,50.0,{}
t2p_synthetic_pilot::lora,sort,synthetic_eval,lora,896,0.0,0.0,0.0,50.0,{}
t2p_synthetic_pilot::lora,constant,synthetic_eval,lora,896,0.0,0.0,1.0,50.0,{}
t2p_synthetic_pilot::freeze_a_lora,copy,synthetic_eval,freeze_a_lora,384,0.0,0.0,0.08,50.0,{}
t2p_synthetic_pilot::freeze_a_lora,reverse,synthetic_eval,freeze_a_lora,384,0.0,0.0,0.16,50.0,{}
t2p_synthetic_pilot::freeze_a_lora,increment,synthetic_eval,freeze_a_lora,384,0.0,0.0,0.18,50.0,{}
t2p_synthetic_pilot::freeze_a_lora,sort,synthetic_eval,freeze_a_lora,384,0.0,0.0,0.2,50.0,{}
t2p_synthetic_pilot::freeze_a_lora,constant,synthetic_eval,freeze_a_lora,384,0.0,0.0,1.0,50.0,{}
t2p_synthetic_pilot::ia3,copy,synthetic_eval,ia3,128,0.0,0.0,0.02,50.0,{}
t2p_synthetic_pilot::ia3,reverse,synthetic_eval,ia3,128,0.0,0.0,0.0,50.0,{}
t2p_synthetic_pilot::ia3,increment,synthetic_eval,ia3,128,0.0,0.0,0.0,50.0,{}
t2p_synthetic_pilot::ia3,sort,synthetic_eval,ia3,128,0.0,0.0,0.0,50.0,{}
t2p_synthetic_pilot::ia3,constant,synthetic_eval,ia3,128,0.0,0.0,0.94,50.0,{}
t2p_synthetic_pilot::lokr,copy,synthetic_eval,lokr,256,0.0,0.0,0.34,50.0,{}
t2p_synthetic_pilot::lokr,reverse,synthetic_eval,lokr,256,0.0,0.0,0.04,50.0,{}
t2p_synthetic_pilot::lokr,increment,synthetic_eval,lokr,256,0.0,0.0,0.24,50.0,{}
t2p_synthetic_pilot::lokr,sort,synthetic_eval,lokr,256,0.0,0.0,0.14,50.0,{}
t2p_synthetic_pilot::lokr,constant,synthetic_eval,lokr,256,0.0,0.0,1.0,50.0,{}
t2p_synthetic_pilot::fourierft,copy,synthetic_eval,fourierft,128,0.0,0.0,0.0,50.0,{}
t2p_synthetic_pilot::fourierft,reverse,synthetic_eval,fourierft,128,0.0,0.0,0.0,50.0,{}
t2p_synthetic_pilot::fourierft,increment,synthetic_eval,fourierft,128,0.0,0.0,0.0,50.0,{}
t2p_synthetic_pilot::fourierft,sort,synthetic_eval,fourierft,128,0.0,0.0,0.0,50.0,{}
t2p_synthetic_pilot::fourierft,constant,synthetic_eval,fourierft,128,0.0,0.0,0.0,50.0,{}
t2p_synthetic_pilot::activation_steering,copy,synthetic_eval,activation_steering,64,0.0,0.0,0.0,50.0,{}
t2p_synthetic_pilot::activation_steering,reverse,synthetic_eval,activation_steering,64,0.0,0.0,0.0,50.0,{}
t2p_synthetic_pilot::activation_steering,increment,synthetic_eval,activation_steering,64,0.0,0.0,0.0,50.0,{}
t2p_synthetic_pilot::activation_steering,sort,synthetic_eval,activation_steering,64,0.0,0.0,0.0,50.0,{}
t2p_synthetic_pilot::activation_steering,constant,synthetic_eval,activation_steering,64,0.0,0.0,1.0,50.0,{}
